,Job_ID,url,Job_txt,company,job-title,level,location,posted-time-ago,nb_candidats,scraping_date,posted_date
0,3846201829,https://www.linkedin.com/jobs/collections/recommended/?currentJobId=3846201829,"Game Developer MagicBlock Labs Singapore 1 month ago Over 200 applicants See who MagicBlock Labs has hired for this role Apply Save Save job Save this job with your existing LinkedIn profile, or create a new one. .  Sign in to save Game Developer at MagicBlock Labs . Email or phone Password Show Forgot password? Sign in Report this job Direct message the job poster from MagicBlock Labs Andrea Fortugno Andrea Fortugno Co-Founder and CEO at Magicblock About us MagicBlock Labs is a gaming and technology company building infrastructure for fully onchain games. We are trailblazers, unafraid of challenging the status quo to solve complex problems. We are passionate about gaming as much as we love open-source and building in collaboration with our community. Backed by Tier 1 investors, our team is a mix of technical and creative talent on a quest to define a new vision for open, permissionless and unstoppable games. Role Overview We're looking for a talented Game Developer, proficient in Unity/Phaser/Babylonjs or similar game engines, to work on a series of upcoming titles built on our custom infrastructure. You will play a key role in our gaming team, working closely with our infrastructure team to push the boundaries of onchain games with novel, category-defining titles. Key Responsibilities Develop cutting-edge games using Unity and/or other game engines Innovative Design: collaborate closely with the rest of the team to design innovative game mechanics and integrate our technology, while ensuring a seamless user experience. Maintain uncompromised quality standards in the codebase, tools and pipelines, optimising performance and usability Cross-Platform Expertise: oversee the optimization of games for diverse platforms, with a focus on mobile devices. Qualifications Minimum of 3 years of experience in game development Previous work on innovative and interesting games, ideally on mobile. Good understanding of game development best practices and performance optimization across multiple platforms. Strong communication skills, with the ability to clearly articulate complex ideas. English language proficiency Bonus if : You are an expert in C# (Unity) and/or JS/TS (Babylonjs/Phaser) You are knowledgeable and excited about fully onchain games Benefits: Ability to shape a new gaming category, with ample freedom and responsibility Competitive compensation and generous stock options plans (signing bonus & performance-based) Fully remote, flexible working schedule Paid quarterly offsites, conferences and travels. Medical, Dental, Vision insurance (US) New laptop and/or budget for work equipment MagicBlock Labs¬†is an equal opportunity employer. Show more Show less Seniority level Entry level Employment type Full-time Job function Engineering and Information Technology Industries Software Development Referrals increase your chances of interviewing at MagicBlock Labs by 2x See who you know",MagicBlock Labs,Game Developer,Entry level,Singapore,1 month ago,,2024-04-26,2024-03-27
1,3889132367,https://www.linkedin.com/jobs/collections/recommended/?currentJobId=3889132367,,,,,,,,2024-04-26,
2,3907568415,https://www.linkedin.com/jobs/collections/recommended/?currentJobId=3907568415,"Intern, Software Development Grab Singapore, Singapore 3 days ago Over 200 applicants See who Grab has hired for this role Apply Join or sign in to find your next job Join to apply for the Intern, Software Development role at Grab Not you? Remove photo First name Last name Email Password (6+ characters) ,  ,  .   Already on LinkedIn? . .  Sign in to save Intern, Software Development at Grab . Email or phone Password Show Forgot password? Sign in Report this job Company Description Life at Grab At Grab, every Grabber is guided by The Grab Way, which spells out our mission, how we believe we can achieve it, and our operating principles - the 4Hs: Heart, Hunger, Honour and Humility. These principles guide and help us make decisions as we work to create economic empowerment for the people of Southeast Asia. Get to know the Team GrabRentals (GR) is responsible for securing vehicular supply for the Grab platform. We strive to be a trustworthy partner that creates income opportunities for our driver-partners by sustainably providing them access to quality assets for use in Grab's marketplaces. To better unlock the value of our assets, a comprehensive fleet management system is required for data analysis. Responsibilities Job Description Continue to develop and maintain a full fleet management system on Zoho Creator under the direction of the Fleet Manager Write clean, efficient, and scalable code in Deluge & Java programming language to deliver a system that meets our organizational needs Create technical design documentation, mockups, and application wireframes Work closely with team members, keeping them informed of project developments and escalating complex issues to the IT manager Test, debug, and document software components, ensuring that code meets organizational software quality standards Ensure that project timelines are met and deliverables are produced on time Participate in debugging, bug fixes, and other development and testing-related activities Qualifications Requirements Preferably able to commit full-time from May to August 2024 Currently pursuing a degree in Computer Science or related field Solid foundation in Java programming language and database design Experience with Zoho Creator, or comparable low-code platform Knowledge of software development practices and methodologies, with strong attention to detail Ability to write clean, reusable, and efficient code while adhering to best practices Strong communication and teamwork skills, with the ability to work effectively in a fast-paced environment A self-starter who can work independently with minimal supervision Additional Information Our Commitment We are committed to building diverse teams and creating an inclusive workplace that enables all Grabbers to perform at their best, regardless of nationality, ethnicity, religion, age, gender identity or sexual orientation and other attributes that make each Grabber unique. Show more Show less Seniority level Not Applicable Employment type Full-time Job function Information Technology Industries Software Development Referrals increase your chances of interviewing at Grab by 2x See who you know",Grab,"Intern, Software Development",Not Applicable,"Singapore, Singapore",3 days ago,,2024-04-26,2024-04-23
3,3900798064,https://www.linkedin.com/jobs/collections/recommended/?currentJobId=3900798064,"Internship - Software Engineer Infineon Technologies Singapore 1 week ago 124 applicants See who Infineon Technologies has hired for this role Apply Join or sign in to find your next job Join to apply for the Internship - Software Engineer role at Infineon Technologies Not you? Remove photo First name Last name Email Password (6+ characters) ,  ,  .   Already on LinkedIn? . .  Sign in to save Internship - Software Engineer at Infineon Technologies . Email or phone Password Show Forgot password? Sign in Report this job The intern, as part of the Analytics and Insight Management team and under the guidance of an assigned mentor, will undertake Web Application enhancement and rolling out to other sites. In your new role you will: Analyze and enhance current web application Roll out the enhancement to all sites Be exposed to the BE DEV Business process Document the enhancement into proper database Internship learning outcomes: Understand the complexity of the rolling out an existing solution to follower sites Exposure on the full web application from business gathering to roll out You are best equipped for this task if you are/have: Knowledge of phyton, javascript, HTML and SQL [Good to have] Docker and GIT Good understanding of data structure and algorithms Team player and always seek for better future Driving decarbonization and digitalization. Together. Infineon designs, develops, manufactures, and markets a broad range of semiconductors and semiconductor-based solutions, focusing on key markets in the automotive, industrial, and consumer sectors. Its products range from standard components to special components for digital, analog, and mixed-signal applications to customer-specific solutions together with the appropriate software. We are on a journey to create the best Infineon for everyone. This means we embrace diversity and inclusion and welcome everyone for who they are. At Infineon, we offer a working environment characterized by trust, openness, respect and tolerance and are committed to give all applicants and employees equal opportunities. We base our recruiting decisions on the applicant¬¥s experience and skills. Please let your recruiter know if they need to pay special attention to something in order to enable your participation in the interview process. Click here for more information about Diversity & Inclusion at Infineon. Show more Show less Seniority level Entry level Employment type Full-time Job function Engineering and Information Technology Industries Appliances, Electrical, and Electronics Manufacturing, Computer Hardware Manufacturing, and Semiconductor Manufacturing Referrals increase your chances of interviewing at Infineon Technologies by 2x See who you know",Infineon Technologies,Internship - Software Engineer,Entry level,Singapore,1 week ago,124.0,2024-04-26,2024-04-19
4,3908056836,https://www.linkedin.com/jobs/collections/recommended/?currentJobId=3908056836,"Data Engineer Astek Singapore, Singapore 1 day ago 184 applicants See who Astek has hired for this role Apply Save Save job Save this job with your existing LinkedIn profile, or create a new one. .  Sign in to save Data Engineer at Astek . Email or phone Password Show Forgot password? Sign in Report this job Astek is proposing an opportunity for Mid level Data Engineer to support our Project based in Singapore. Job Description: Responsible for administering, supporting, monitoring, and tuning the Power BI reporting environment; This involves the management and administration of all components of the Power BI domain, including Power BI on-premises data gateway servers. Design and develop PowerBI dashboards and reports. Develop scalable data pipelines using Data connectors, distributed processing transformations, schedulers, and data warehouse. Troubleshoot and debug issues in production environments. Primarily focus on product evaluation, proof of concept (POC), and deployment in an enterprise-wide scope. Design, develop and maintain efficient and accurate ETL pipelines. Requirements Analysis - evaluate and analyse business requirements gathered to gain a clear understanding of the specification and reason for the request. Combine data from multiple sources into efficient Power BI datasets for use by departmental Data Analysts. Evaluate new data visualization products and tools for enterprise use. Collaborate with cross-functional teams to ensure successful project delivery. Provide application support for data-related issues. Requirements: 5-8 years of experience in a Data Engineer role with strong experience in enterprise data visualization tools, specifically PowerBI . Experience in application support, good communication, and programming skills with experience in coding on scripts. Strong experience in Python. Expertise in Data warehousing/ information Management/ Data Integration/Business Intelligence using ETL tool Informatica PowerCenter. Proficient in Tableau Proficient in Informatica. Ability to work independently and in a team environment. Strong project management and organizational skills. Strong communication skill, both written and verbal. Experience supporting and working with cross-functional teams in a dynamic environment. Show more Show less Seniority level Mid-Senior level Employment type Full-time Job function Information Technology Industries Technology, Information and Media Referrals increase your chances of interviewing at Astek by 2x See who you know",Astek,Data Engineer,Mid-Senior level,"Singapore, Singapore",1 day ago,184.0,2024-04-26,2024-04-25
5,3758150865,https://www.linkedin.com/jobs/collections/recommended/?currentJobId=3758150865,"Software Engineer C# BoostDraft Singapore 5 months ago Over 200 applicants See who BoostDraft has hired for this role Apply Save Save job Save this job with your existing LinkedIn profile, or create a new one. .  Sign in to save Software Engineer C# at BoostDraft . Email or phone Password Show Forgot password? Sign in Report this job Direct message the job poster from BoostDraft Yohei Fujii Yohei Fujii Co-founder & CEO & Software Engineer at BoostDraft C# or/and Rust software engineering position in a highly-growing startup, developing a document IDE for non-engineers . About BoostDraft BoostDraft is a software engineering company that develops IDE for documents. It was founded by MIT and Stanford grad students, developing an assisted document editor for documents. It is a new document editor that employs error checking, reference checking and auto-completion using both rule-based approach and NLP, like what coding editors/IDE (e.g. VSCode, Pycharm) do. Demo is in p9, 10, 11, https://link.boostdraft.com/sh1K Background & Traction We are currently focusing on Lawyers who draft relatively standardized but long documents, such as contracts. With only one year after our product launch, we already have more than 7,000 active paid users. We have several long-term, large-scale contracts with famed enterprises and law firms. As a result, we have been highly profitable from Day 1 and experienced exponential growth without outside funding at all. BoostDraft was accepted by prestigious accelerator program, MassChallenge (Top 30 US accelerator), StartX (Stanford Accelerator, 7% acceptance rate), MIT Sandbox (Accelerator of Massachusetts Institute of Technology) Join our Engineering-First Team At BoostDraft, we prioritize quality over quantity. As an engineering-first company. Around 90% of our team members are software engineers with extensive experiences from companies such as Microsoft, IBM, HTC, Yahoo!, and R&D in NTT. Our CEO, Yohei, who has proven experience in both Software Engineering and Business management, and has built an organization that values and empowers software engineers. Why BoostDraft? Join a company that values innovation, research, and organic growth. At BoostDraft, we offer: Extensive Opportunities for extending our software : Similar to VS Code, our software has multiple opportunities in adjacent area, such as Version management, Comparison, Extension, and integration with other software Focus on R&D for new technology: We heavily focus on research for knowledge extraction leveraging user data An Engineering-first approach: The CEO is also a software engineer and over 90% of members are software engineers. We believe in empowering our engineers and providing them with the resources they need to succeed. Rapid organic growth : We have experienced 300% revenue growth, are profitable, and have achieved this without outside investment. All of our revenue is coming from referrals by users, no marketing efforts Technical Challenges We Solve Performance improvement using both partial analysis and full analysis Synchronization between user input and on-memory text Cache efficiency to increase highlight performance t during/after user input Security preserving Natural Language Processing, such as Federated Learning What‚Äôs your challenge As a C# Software Engineer at BoostDraft, you will be tackling challenging technical problems, including: Design and implement classes and methods for IDE for documents Refactor existing code for better extensibility Interview with our users to understand their daily work and pain points Propose both innovative ideas and feasible ideas to achieve unprecedented features Who you are Interested in developing novel document editors Fluent in coding with either C#, C++, Java or Rust Believe in beauty of writing clean, efficient code Have experience with Github Understand the concept of CI/CD Master's degree or equivalent experience in Computer Science or related field Fluent in English communication Location Our teams are working fully remotely, and we are expanding our global presence. While our headquarters are currently in Japan, you don't have to relocate to Japan. If you wish to relocate, we are happy to help you obtain a visa. Show more Show less Seniority level Mid-Senior level Employment type Full-time Job function Engineering and Information Technology Industries Software Development Referrals increase your chances of interviewing at BoostDraft by 2x See who you know",BoostDraft,Software Engineer C#,Mid-Senior level,Singapore,5 months ago,,2024-04-26,2023-11-28
6,3905508765,https://www.linkedin.com/jobs/collections/recommended/?currentJobId=3905508765,,,,,,,,2024-04-26,
7,3888052027,https://www.linkedin.com/jobs/collections/recommended/?currentJobId=3888052027,"Software Engineer Internship, Frontend/Backend (Starting from May preferably) - Nas.io Nas Company Singapore, Singapore 2 weeks ago Over 200 applicants See who Nas Company has hired for this role Apply Save Save job Save this job with your existing LinkedIn profile, or create a new one. .  Sign in to save Software Engineer Internship, Frontend/Backend (Starting from May preferably) - Nas.io at Nas Company . Email or phone Password Show Forgot password? Sign in Report this job Direct message the job poster from Nas Company Xiaoqi Chu Xiaoqi Chu Vice President of Engineering at Nas Company | Ex-Shopee Who we are: Founded by Nuseir Yassin from Nas Daily (53 million followers), the Nas company is home to Nas Daily, Nas Academy, Nas Studios ‚Äì and Nas.io. ‚ÄúNas‚Äù means ‚Äúpeople‚Äù and it has been the foundation of our mission: Bring People Together. People can do more together. They can find friends, mentors, and accountability partners within a community. The single easiest way to change the world is to create tolerant and passionate communities. And communities today have transformed far beyond the traditional concept of a community. a community can be a group of 100 people who come together every week to share and discuss ideas on Zoom. a community can be 25 people flying in from across the world for a yoga retreat every 3 months. a community can be an influencer‚Äôs 1,000 true fans learning from each other in a WhatsApp group. a community can be 10,000 NFT holders sharing about events and other projects. As a company, we‚Äôve successfully built communities over and over again ‚Äì and now, we‚Äôve raised a total of US$23 million to build powerful tools and integrations that will allow other people to build communities faster than ever before. Nas.io is a product for people to have a trustworthy and internationally recognized place to start and manage their communities ‚Äì including brands, thought leaders, coaches, entrepreneurs, content creators, and DAO builders. With Nas.io, you can have a beautiful home for your community, integrate with the chat platforms your members use, own your community with magic reach, engage your community with rich content, and generate revenue with your community. It‚Äôs everything you need, and more! Explore more on https://nas.io/ Why work with us: We have set up a strong engineering team with senior members from leading IT companies. You have a growth mindset and thrive in a fast-paced and fun environment. You have the same conviction as us and you want to work hard and grow together with like-minded people. You enjoy working in a diverse and vibrant working environment with people of different cultures. We are a diverse bunch of over 18 different nationalities, spread around the world from Singapore, UAE, India, Pakistan, Israel, South Africa, the Philippines, etc. We won‚Äôt let anyone feel alone. We have company-level retreats yearly to gather together. There‚Äôs a high chance your current job isn‚Äôt exciting for you and that‚Äôs why you are looking for something new. We are more than just another usual IT company you might know of. Our ventures extend to the foundation of media, creator education, and community. And we are far from corporate. You love the concept of building communities and are excited about the prospect of building products that will bring people together. You feel very accomplished by creating a larger impact. We give you autonomy to own certain scope and deliver projects/features from end to end. You enjoy working in a transparent environment where you can have your opinions and push the boundaries. We offer a competitive salary with a substantial share package. If the company is doing well financially, so will you. What we are looking for: üìÖ Relevant Technical Experience: Experience with React, Next.js, Node.js, AWS, and MongoDB will be considered a plus, as it aligns with our technology stack and enhances your ability to contribute effectively. üîç Good Knowledge and Learning Ability: Demonstrate a strong and deep understanding of best practices in modern web application development and eager to know why. üöÄ Enthusiastic About Solving Engineering Problems: Stay proactive in exploring new technologies, tools, and methodologies to enhance work quality and improve efficiency. ü§ù Collaboration: We value individuals who foster a collaborative environment and actively support their peers in becoming better versions of themselves. Encouraging knowledge sharing, providing guidance, and promoting teamwork are qualities we highly appreciate. üó£Ô∏è Effective Communication and Team Player: Excellent English skills are essential for clear and efficient communication within our global team. We also seek individuals with a high energy level and a great team player attitude, who can contribute positively to our dynamic and collaborative work environment. Tech stack we are mainly using: Frontend: React/Next.js/Vercel/AdminJS/Flutter Backendr: NodeJS/Python/AWS/MongoDB/Grafana Stack Dev Tools: Cypress/Apifox/Testim/Jira/Confluence/Lark But don‚Äôt be limited to them. We are open to change if you have better solutions! Benefits: At Nas Company, we work hard, REALLY HARD! So we value our employees' well-being and believe that a supportive and fulfilling work environment contributes to their success. We're proud to offer a range of benefits that will enhance your professional and personal life. Here's what you can look forward to as part of our team: üíª Remote Working: For those based in our offices, we provide the flexibility of remote work. Enjoy a balance between the office and your preferred workspace. üçé Fully Stocked Fridges: Stay fueled and energized with our fully stocked fridges featuring a selection of healthy, high-protein, and low-calorie snacks and drinks. üëØ‚Äç‚ôÄÔ∏è Team Outings: We believe in the power of connection. Join us for team outings that foster strong relationships and create lasting memories. üèñÔ∏è Yearly Retreats: Unwind, bond, and collaborate at our annual company retreats. A time for the entire company to come together to rejuvenate and bond. üåç Nas Summit and Nas Travels: Employees who successfully clear probation are eligible for a choice between attending 1 Nas Summit or 1 Nas Travels trip per year, fully sponsored (T&Cs) üöï Transport Allowance: Employees located in Singapore and Dubai enjoy a transport allowance, making your daily commute more convenient. At Nas Company, we're committed to nurturing a supportive and engaging workplace that promotes your growth and well-being. Join us and enjoy a comprehensive array of benefits designed with you in mind Believe in our mission? Join us in building the platform for creators, by creators. Show more Show less Seniority level Internship Employment type Internship Job function Information Technology Industries IT Services and IT Consulting and Technology, Information and Internet Referrals increase your chances of interviewing at Nas Company by 2x See who you know",Nas Company,"Software Engineer Internship, Frontend/Backend (Starting from May preferably) - Nas.io",Internship,"Singapore, Singapore",2 weeks ago,,2024-04-26,2024-04-12
8,3883821374,https://www.linkedin.com/jobs/collections/recommended/?currentJobId=3883821374,"Software Engineer Intern, API and Backend Datature Singapore, Singapore 2 weeks ago Over 200 applicants See who Datature has hired for this role Apply Save Save job Save this job with your existing LinkedIn profile, or create a new one. .  Sign in to save Software Engineer Intern, API and Backend at Datature . Email or phone Password Show Forgot password? Sign in Report this job üëâ Full-Time Internship - Minimum 3-6 Months - Summer '24 Cohort - Read the Post At Datature, we are building a platform for training and deploying machine learning models swiftly without a single line of code. Datature Nexus is an MLOps platform that allows users to label unstructured data and construct complex machine learning pipelines all in their browsers using highly visual editors. Datature's users have leveraged our platform to solve problems in a myriad of verticals - from grading crops to optimizing manufacturing to MLB Teams, to identifying diseases from MRI scans. Datature levels the playing field for teams and companies in antiquated industries to start AI-driven revolutions of their own. The Scope üî≠ Datature‚Äôs platform features a drag-and-drop visual editor that translates to thousands of lines of TensorFlow codes in the backend. This requires a handful of services to work together seamlessly. You will learn how large machine learning data are handled in the backend artfully - to empower machine learning systems to operate smoothly. You will be coding, testing, and deploying to our main production service. About You ü§ñ Experience using TypeScript , ExpressJS, and Python Strong understanding of containerization and orchestration technologies such as Docker and Kubernetes Interest in machine learning systems and big data ingestion strategies Exposure to working with both relational and NoSQL databases , with a focus on MongoDB or PostgreSQL Knowledge of test-driven development and experience implementing it in previous projects Familiarity with Google Cloud Platform or AWS, and the ability to work with cloud-based infrastructure Some familiarity with server-side caching techniques and tools, such as Redis or Memcached with the comfortability to talk about cache-invalidation strategies for hours Some experience with message brokers like Kafka or RabbitMQ, and building distributed systems Linear Algebra Minimum Requirements You don‚Äôt need a Computer Science degree to write great software. We are looking for hackers and enthusiasts who have participated in hackathons / competitive programming / open-source development. Your coding projects outside of school curriculums matter more than your grades - we'd love to discuss your most passionate projects rather than a list of curriculum-mandated projects. Who We Are Looking For üìç You are a reliability-minded engineer passionate about uptime and data integrity. You have experience scaling both teams and projects in similar spaces. Above all, you are passionate about data, machine learning, and user experience. You understand the tradeoffs with each line of code and have an idea of what the various priorities are with each project. Why You'll Love Us üéà We are a technology-first team dedicated to developing the most intuitive and performant platform to shape the way users think about building machine learning capabilities. We are a quirky group of engineers whom you will enjoy debating about codes and algorithms with. Gone are the days when you have to build yet another internal monitoring tool for a team that doesn't appreciate the performance. You will be solving the most important problems at the intersection of machine learning, data processing, and distributed systems. You will have the largest impact on how our users interact with the Datature platform via API and the experience they have whilst doing so - and you care about the P95 Perf. If this is your cup of tea, we have been waiting to hear from you. Show more Show less Seniority level Internship Employment type Internship Job function Engineering and Information Technology Industries Software Development and Research Services Referrals increase your chances of interviewing at Datature by 2x See who you know",Datature,"Software Engineer Intern, API and Backend",Internship,"Singapore, Singapore",2 weeks ago,,2024-04-26,2024-04-12
9,3775187042,https://www.linkedin.com/jobs/collections/recommended/?currentJobId=3775187042,"2024 Blackstone Technology and Innovations - Software Engineering Intern (Jul to Dec 2024), Singapore Blackstone Singapore 2 weeks ago Over 200 applicants See who Blackstone has hired for this role Apply Join or sign in to find your next job Join to apply for the 2024 Blackstone Technology and Innovations - Software Engineering Intern (Jul to Dec 2024), Singapore role at Blackstone Not you? Remove photo First name Last name Email Password (6+ characters) ,  ,  .   Already on LinkedIn? . .  Sign in to save 2024 Blackstone Technology and Innovations - Software Engineering Intern (Jul to Dec 2024), Singapore at Blackstone . Email or phone Password Show Forgot password? Sign in Report this job Blackstone is the world‚Äôs largest alternative asset manager. We seek to create positive economic impact and long-term value for our investors, the companies we invest in, and the communities in which we work. We do this by using extraordinary people and flexible capital to help companies solve problems. Our $1 trillion in assets under management include investment vehicles focused on private equity, real estate, public debt and equity, infrastructure, life sciences, growth equity, opportunistic, non-investment grade credit, real assets and secondary funds, all on a global basis. Further information is available at www.blackstone.com. Follow @blackstone on LinkedIn, Twitter, and Instagram. Innovations Profile: Blackstone Technology and Innovations (BXTI) is the technology team at the core of each of Blackstone‚Äôs businesses and new growth initiatives. Serving both internal and external clients, we work to build the next generation of systems that manage risk, create efficiency and improve transparency within the firm and across our broad community of investors and portfolio companies. BXTI is nimble and entrepreneurial ‚Äì our open, iterative design processes and rapid pace of development mean that everyone on the team has the opportunity to make an impact from day one. We are problem solvers who can take projects from idea to implementation. We believe in active mentoring and developing excellence. We collaborate to find the best answers for our customers and for Blackstone. We are critical to the firm maintaining its competitive edge. Your Role: The BXTI Alternative Asset Management Technology team is looking for a 6-month Engineering intern to join in 2024, who can commit to full-time employment from July to December 2024. As a full stack software engineer, you‚Äôll develop innovative technologies that are changing the Alternative Asset Management industry. You‚Äôll work with other engineers and business analysts across Singapore and New York to design, build, deploy, and support Blackstone Innovations' suite of applications. Our custom-built applications are mostly developed in Python or C# on the .NET platform with JavaScript/React/Node.js and hosted within AWS. We take full advantage of cloud native container-based and serverless architectures. We also build robust data pipelines connecting to Snowflake for data analysis and visualization. You‚Äôll devise elegant solutions to Blackstone's most meaningful technical challenges and put your own best ideas to work in an entrepreneurial environment inside one of the leading companies in its industry. How you'll make an impact and the tools you'll use to do it: Build web applications, services, and functionality on a variety of platforms Develop on top of AWS in order to build cloud native, serverless first solutions Utilize Docker to create containerized microservices Automate infrastructure configuration using Terraform Use tools such as Airflow, dbt and AWS Step Functions to build data pipelines Integrate various JavaScript libraries such as React to deliver seamless user experiences Design data models and transform data with dbt Optimize and persist data in Snowflake Use TeamCity and Jenkins to automate deployments Write automated unit, integration, and deployment tests Build tooling to automate away repetitive tasks The skills and experience you'll need to make an impact: Object-oriented programming experience in C# or Python SQL experience to work with data in Snowflake Strong analytical, problem solving, critical thinking and decision-making skills, with the ability to multitask and deliver under tight deadlines; the candidate should be a self-starter that thrives on complexity and solution finding A desire to learn and adapt to new technologies A self-starting, entrepreneurial attitude A desire to keep improving Strong interpersonal and communication skills Eligibility: To be considered for the 2024 Software Engineer Program, applicants must meet the following criteria: Currently enrolled as an undergraduate student or graduate student in Computer Science and /or Engineering majors are preferred, while other majors may be considered Undergraduate, Master (non-MBA) who will be graduate in between December 2024 to June 2025 Commit to working full time for the entire duration of the internship Resume must include expected graduation month and year and GPA Resume must be in PDF format Program Commencement July to December 2024 (6-month, start and end-date can be flexible) The duties and responsibilities described here are not exhaustive and additional assignments, duties, or responsibilities may be required of this position. Assignments, duties, and responsibilities may be changed at any time, with or without notice, by Blackstone in its sole discretion. Blackstone is committed to providing equal employment opportunities to all employees and applicants for employment without regard to race, color, creed, religion, sex, pregnancy, national origin, ancestry, citizenship status, age, marital or partnership status, sexual orientation, gender identity or expression, disability, genetic predisposition, veteran or military status, status as a victim of domestic violence, a sex offense or stalking, or any other class or status in accordance with applicable federal, state and local laws. This policy applies to all terms and conditions of employment, including but not limited to hiring, placement, promotion, termination, transfer, leave of absence, compensation, and training. All Blackstone employees, including but not limited to recruiting personnel and hiring managers, are required to abide by this policy. If you need a reasonable accommodation to complete your application, please contact Human Resources at 212-583-5000 (US), +44 (0)20 7451 4000 (EMEA) or +852 3656 8600 (APAC). Depending on the position, you may be required to obtain certain securities licenses if you are in a client facing role and/or if you are engaged in the following: Attending client meetings where you are discussing Blackstone products and/or and client questions; Marketing Blackstone funds to new or existing clients; Supervising or training securities licensed employees; Structuring or creating Blackstone funds/products; and Advising on marketing plans prepared by a sales team or developing and/or contributing information for marketing materials. Note: The above list is not the exhaustive list of activities requiring securities licenses and there may be roles that require review on a case-by-case basis. Please speak with your Blackstone Recruiting contact with any questions. To submit your application please complete the form below. Fields marked with a red asterisk * must be completed to be considered for employment (although some can be answered ""prefer not to say""). Failure to provide this information may compromise the follow-up of your application. When you have finished click Submit at the bottom of this form. Show more Show less Seniority level Internship Employment type Full-time Job function Information Technology Industries Financial Services Referrals increase your chances of interviewing at Blackstone by 2x See who you know",Blackstone,"2024 Blackstone Technology and Innovations - Software Engineering Intern (Jul to Dec 2024), Singapore",Internship,Singapore,2 weeks ago,,2024-04-26,2024-04-12
10,3890442134,https://www.linkedin.com/jobs/collections/recommended/?currentJobId=3890442134,"Software Developer RiDiK (a Subsidiary of CLPS. Nasdaq: CLPS) Singapore, Singapore 2 weeks ago 180 applicants See who RiDiK (a Subsidiary of CLPS. Nasdaq: CLPS) has hired for this role Apply Save Save job Save this job with your existing LinkedIn profile, or create a new one. .  Sign in to save Software Developer at RiDiK (a Subsidiary of CLPS. Nasdaq: CLPS) . Email or phone Password Show Forgot password? Sign in Report this job Direct message the job poster from RiDiK (a Subsidiary of CLPS. Nasdaq: CLPS) Anjali Panda Anjali Panda HR Professional #hiringnow #hiringalert Hello Connections!!! I am hiring for position for Software Developer(Java/Big Data) @Singapore location If interested please send your updated resume to anjali@ridik.net Qualifications and Profile Mandatory At least 8 years in Software development At least 5 years in Java/J2EE development Hands on Data ingest and data processing technology like Spark streaming and Spark Hands on Messaging systems like Kafka, Flume or ActiveMQ, MQSeries or RabitMQ Hands on knowledge on Hadoop (preferably Hortonworks distribution) - HDFS, HBase, Hive, ORC/Parquet. Build tool - Maven/sbt/ant, UML, Restful web services, Jenkins/Team City, Source management ‚Äì SVN/GIT, TDD using Junit, Jira/QC. Good to Have Solution design using proven patterns, awareness of anti-patterns, performance tuning, especially in streaming Knowledge of tools like Phoenix, ElasticSearch, Sqoop, StreamSets are good to have. Basic understanding of finance and investment banking Other Professional Skills and Mindset Excellent written and verbal communication skills for both team mates and management Strong analytical and problem solving skills Proficient software development life cycle Appetite to follow technology trend and participate to communities Passion for sharing expertise and grow team members‚Äôs skills Interest in mentoring and guiding junior team members on the path of high quality deliverables. @Srustijeet Mishra @Sibashis Routray @Hyma M Show more Show less Seniority level Associate Employment type Contract Job function Information Technology Industries IT Services and IT Consulting Referrals increase your chances of interviewing at RiDiK (a Subsidiary of CLPS. Nasdaq: CLPS) by 2x See who you know",RiDiK (a Subsidiary of CLPS. Nasdaq: CLPS),Software Developer,Associate,"Singapore, Singapore",2 weeks ago,180.0,2024-04-26,2024-04-12
11,3909135340,https://www.linkedin.com/jobs/collections/recommended/?currentJobId=3909135340,"Software Engineer Intern (IDA: 2024-00039) Continental Singapore, Singapore 17 hours ago Be among the first 25 applicants See who Continental has hired for this role Apply Join or sign in to find your next job Join to apply for the Software Engineer Intern (IDA: 2024-00039) role at Continental Not you? Remove photo First name Last name Email Password (6+ characters) ,  ,  .   Already on LinkedIn? . .  Sign in to save Software Engineer Intern (IDA: 2024-00039) at Continental . Email or phone Password Show Forgot password? Sign in Report this job Job Description As a team member of Research and Advanced Engineering team, you will be involved in the software development of innovative system solutions, for example the integration of innovative sensing technologies with specific focus on future solutions for both the Autonomous and Passenger vehicles or robots. Intern would be working together with the innovation team in the following tasks: Develop software applications and necessary APIs. Rapid prototype developments. Design, implement, test and deploy prototype to ready solutions from scratch. Perform technical self-research to identify solutions and diagnostics for troubleshooting. Conduct site survey, collect data and perform test procedures Qualifications Familiar with programming languages C/C++,Python, Java, C# or etc Experience with embedded development kit such as Raspberry Pi, Arduino, ESP8266, STM32, etc Experience with mobile apps development or object-oriented programming Experience with sensor module such as IMU, GPS, Lidar, Camera, ToF, RF-GSM, WiFi, BLE, etc Added Advantages with experience in HTTP, REST API, Bluetooth/BLE protocol, MQTT Good communication skills, fluent in English, both written and oral. Additional Information Ready to drive with Continental? Take the first step and fill in the online application Ready to drive with Continental? Take the first step and fill in the online application. Show more Show less Seniority level Internship Employment type Full-time Job function Engineering Industries Automotive Referrals increase your chances of interviewing at Continental by 2x See who you know",Continental,Software Engineer Intern (IDA: 2024-00039),Internship,"Singapore, Singapore",,,2024-04-26,
12,3883819689,https://www.linkedin.com/jobs/collections/recommended/?currentJobId=3883819689,,,,,,,,2024-04-26,
13,3839576928,https://www.linkedin.com/jobs/collections/recommended/?currentJobId=3839576928,"Software Engineering Intern LSEG (London Stock Exchange Group) Singapore, Singapore 1 month ago Over 200 applicants See who LSEG (London Stock Exchange Group) has hired for this role Apply Join or sign in to find your next job Join to apply for the Software Engineering Intern role at LSEG (London Stock Exchange Group) Not you? Remove photo First name Last name Email Password (6+ characters) ,  ,  .   Already on LinkedIn? . .  Sign in to save Software Engineering Intern at LSEG (London Stock Exchange Group) . Email or phone Password Show Forgot password? Sign in Report this job Job Title: Software Engineering Intern - Sustainable Finance & Innovation Location: Singapore Duration: Minimum of 3 months About Our Team We are at the forefront of sustainable finance innovation within a globally recognized corporation. Located in Singapore, our team collaborates with partners in Bangkok and London, embodying innovation, diversity, and technological expertise. Our vision is to employ technology to create a financial ecosystem that is efficient, ethical, and sustainable. The Opportunity As a Software Engineering Intern within the Sustainable Finance & Innovation Team,, you will have the opportunity to work on cutting-edge projects at the intersection of technology and sustainable finance. This role offers exposure to a diverse tech stack and the chance to apply your skills in a real-world setting. What You'll Do Work with a Leading-Edge Tech Stack: Gain exposure to technologies including Python or JavaScript, Terraform, AWS, and serverless architectures like DynamoDB, API Gateway, and Lambda functions. Lead a Capstone Project: Oversee a capstone project from start to finish, with guidance from senior team members, applying your technical skills to a tangible project within the realm of sustainable finance. Deep Dive into Sustainable Finance: Acquire deep insights into sustainable finance, positioning yourself at the forefront of this transformative industry. Experience Multicultural Collaboration: Be part of a vibrant, multicultural team, benefiting from the diversity of thoughts and innovations. Receive Mentorship: Enjoy mentorship from industry leaders eager to share their knowledge and contribute to your professional growth. Who We're Looking For Enrolled in a degree in Computer Science, Engineering, or a related technical field, with a strong interest in applying technology to societal challenges. Curious about the potential of technology to drive positive change and keen to explore new solutions. Possesses strong problem-solving skills, with the ability to develop creative and effective solutions to complex challenges. An effective communicator, capable of working well within a diverse team environment. Adaptable and open to learning, ready to engage in a vibrant and evolving setting. Required Skills And Experience Programming Languages: Proficiency in Python or JavaScript. Familiarity with both is a plus. Web Development: Experience with React, or a strong interest in learning it. API Development: An understanding of RESTful APIs, with experience in API Gateway and Lambda functions considered a plus. Serverless and Cloud Technologies: Familiarity with AWS and an understanding of serverless architecture is considered a plus. Microservices Architecture: An understanding of microservices architecture principles, beneficial for designing and developing scalable and maintainable applications. Software Development Practices: A foundation in software development principles, including version control (e.g., Git), and CI/CD pipelines. Experience with containerization tools like Docker is a plus. Database Technologies: Knowledge of or willingness to learn database technologies, especially DynamoDB, or experience with other NoSQL databases. Ability to work both independently and collaboratively. What's In It For You A Pathway to Your Future: This internship is a gateway to the dynamic world of sustainable finance, equipping you with essential skills and knowledge for a thriving career in technology. A Diverse and Inclusive Experience: Join a team where diversity and inclusion are celebrated, and your unique perspectives are valued. Personalized Mentorship: Receive direct mentorship from experienced professionals dedicated to your learning and professional development. How To Apply Please submit your resume, optionally including any relevant projects or experiences that highlight your skills and interests in technology's role in sustainable finance. We are committed to fostering an inclusive and diverse workplace and encourage applications from all technical backgrounds. Application Deadline: 30 April 2024 Dive into the transformative world of sustainable finance with us. We're eager to see the unique contributions you will bring to our team! LSEG is a leading global financial markets infrastructure and data provider. Our purpose is driving financial stability, empowering economies and enabling customers to create sustainable growth. Our purpose is the foundation on which our culture is built. Our values of Integrity, Partnership , Excellence and Change underpin our purpose and set the standard for everything we do, every day. They go to the heart of who we are and guide our decision making and everyday actions. Working with us means that you will be part of a dynamic organisation of 25,000 people across 65 countries. However, we will value your individuality and enable you to bring your true self to work so you can help enrich our diverse workforce. You will be part of a collaborative and creative culture where we encourage new ideas and are committed to sustainability across our global business. You will experience the critical role we have in helping to re-engineer the financial ecosystem to support and drive sustainable economic growth. Together, we are aiming to achieve this growth by accelerating the just transition to net zero, enabling growth of the green economy and creating inclusive economic opportunity. LSEG offers a range of tailored benefits and support, including healthcare, retirement planning, paid volunteering days and wellbeing initiatives. We are proud to be an equal opportunities employer. This means that we do not discriminate on the basis of anyone‚Äôs race, religion, colour, national origin, gender, sexual orientation, gender identity, gender expression, age, marital status, veteran status, pregnancy or disability, or any other basis protected under applicable law. Conforming with applicable law, we can reasonably accommodate applicants' and employees' religious practices and beliefs, as well as mental health or physical disability needs. Please take a moment to read this privacy notice carefully, as it describes what personal information London Stock Exchange Group (LSEG) (we) may hold about you, what it‚Äôs used for, and how it‚Äôs obtained, your rights and how to contact us as a data subject. If you are submitting as a Recruitment Agency Partner, it is essential and your responsibility to ensure that candidates applying to LSEG are aware of this privacy notice. Show more Show less Seniority level Internship Employment type Full-time Job function Engineering and Information Technology Industries IT Services and IT Consulting and Financial Services Referrals increase your chances of interviewing at LSEG (London Stock Exchange Group) by 2x See who you know",LSEG (London Stock Exchange Group),Software Engineering Intern,Internship,"Singapore, Singapore",1 month ago,,2024-04-26,2024-03-27
14,3829053920,https://www.linkedin.com/jobs/collections/recommended/?currentJobId=3829053920,"Junior Software Engineer Capgemini Singapore, Singapore 1 month ago Over 200 applicants See who Capgemini has hired for this role Apply Save Save job Save this job with your existing LinkedIn profile, or create a new one. .  Sign in to save Junior Software Engineer at Capgemini . Email or phone Password Show Forgot password? Sign in Report this job About Capgemini :- Capgemini is a global leader in consulting, digital transformation, technology and engineering services. The Group is at the forefront of innovation to address the entire breadth of clients‚Äô opportunities in the evolving world of cloud, digital and platforms. Building on its strong 50-years+ heritage and deep industry-specific expertise, Capgemini enables organizations to realize their business ambitions through an array of services from strategy to operations. Capgemini is driven by the conviction that the business value of technology comes from and through people. Today, it is a multicultural company with 360,000+ team members in almost 50+ countries. The Group reported in 2022 combined revenues of ‚Ç¨22billion. Capgemini's looking for next-gen tech talent in Singapore! Interested in bridging the gap between vision & reality with code? Role- Junior Software Engineer (Next Generation Talent) Location - Marina Bay Financial Centre, Singapore Do you thrive on bringing ideas to life through code? Imagine collaborating with diverse stakeholders to grasp complex business needs and translating them into elegant software solutions. This role offers you the chance to make a real impact through the power of technology. What You'll Do: ¬∑ Bridge the Gap: Unravel business requirements and translate them into clear technical specifications. ¬∑ Craft with Precision: Develop and refine software applications, ensuring exceptional functionality and performance. ¬∑ Maintain & Optimize: Nurture existing applications, keeping them efficient and secure. ¬∑ Test with Confidence: Execute rigorous testing across all levels, guaranteeing reliability and usability. ¬∑ Automate for Success: Streamline deployments with configuration management and automation tools. ¬∑ Innovate & Improve: Continuously identify opportunities to enhance systems and user experience. What You Bring: ¬∑ Solid Foundation: A Computer Science or related Engineering degree equips you with the technical prowess. ¬∑ Sharp & Eager: Recent graduate or up to 2 years of hands-on experience showcase your agility. ¬∑ Frontend Expertise: Master the art of user interfaces with frameworks like HTML5, Angular, or React JS. ¬∑ Backend Powerhouse: Command backend languages like Java, .NET, Python, or PHP. ¬∑ Data Adeptness: Database proficiency is a valuable bonus. ¬∑ Full-Stack Potential: Experience in both frontend and backend development gives you an edge. ¬∑ Cloud Enthusiast: Familiarity with Cloud Platforms- AWS, Azure, GCP would be additional asset. Ready to develop, refine software, collaborate with diverse teams, & make a real impact.? Join our team and make a meaningful impact! Let's talk about what's in it for you! Passionate people are Capgemini's Ace of Spades - join us to discover a career that will challenge, support and inspire you. Working at Capgemini you'll find the rewards are more than just financial. You will work alongside some very smart and inspiring people on exciting projects and you will also enjoy incredible benefits. We offer flexible work practices and 40 hours of self-development every year with a huge selection of learning opportunities to choose from. As ""Architects of Positive Futures"", Capgemini actively supports the community in 3 ways: Diversity and Inclusion - we believe diversity of thought fuels excellence and innovation, which is why we positively encourage applications from suitably qualified candidates regardless of their gender identity, ethnicity, sexual orientation, religion, ability, intersex status or age. To support our commitment to diversity and inclusion, we celebrate special events and days of significance that are important to our employees such as Diwali, Bastille Day, Pride, IDAHOBIT, IWD and International day of people with Disabilities. Our Employee Resource Groups Women@Capgemini and OutFront support the grassroots passion of employees to drive our diversity agenda and effect change. Digital inclusion - at Capgemini we are using our skills to drive social impact initiatives focusing on helping society address the impact of the digital and automation revolution. We also provide employees with opportunities to give back to the community through charity projects and volunteer days. Environmental Sustainability - Capgemini joined the CDP's (Carbon Disclosure Project) prestigious ""A list"" for its commitment to the Net-Zero economy. We are focusing on helping our clients transform towards more sustainable business models and committing to reduce our own carbon emissions (GHG) by 20% per employee by 2020. Recognized by Ethisphere as one of the World's Most Ethical Companies for the last 8 years in a row, ethics and values are at the heart of Capgemini's corporate culture and business. Embedded in our DNA, our seven values - Honesty, Boldness, Trust, Team Spirit, Freedom, Fun and Modesty - have remained the same since company inception in 1967. To see how we bring these values to life, click here to listen to some of our employee‚Äôs stories. Come join us, bring your whole self to work, create new possibilities for you, your customers and your community and help us to be Architects of Positive Futures. Show more Show less Seniority level Entry level Employment type Full-time Job function Consulting, Engineering, and Information Technology Industries Information Services, IT Services and IT Consulting, and Technology, Information and Media Referrals increase your chances of interviewing at Capgemini by 2x See who you know",Capgemini,Junior Software Engineer,Entry level,"Singapore, Singapore",1 month ago,,2024-04-26,2024-03-27
15,3908030667,https://www.linkedin.com/jobs/collections/recommended/?currentJobId=3908030667,"Junior Software Engineer, Trilogy (Remote) - $60,000/year USD Crossover Singapore, Singapore 1 day ago 53 applicants See who Crossover  has hired for this role Apply Save Save job Save this job with your existing LinkedIn profile, or create a new one. .  Sign in to save Junior Software Engineer, Trilogy (Remote) - $60,000/year USD at Crossover . Email or phone Password Show Forgot password? Sign in Report this job Crossover  provided pay range This range is provided by Crossover . Your actual pay will be based on your skills and experience ‚Äî talk with your recruiter to learn more. Base pay range $30.00/hr - $30.00/hr Crossover is the world's #1 source of full-time remote jobs. Our clients offer top-tier pay for top-tier talent. We're recruiting this role for our client, Trilogy. Have you got what it takes? Are you ready to dive headfirst into the AI revolution? Trilogy is presenting the launchpad for your tech career. This isn‚Äôt about getting a foot in the door; it‚Äôs about kicking that door down and charging through. We‚Äôre on the hunt for the bold, the relentless, the ones who dream in algorithms and thrive in a storm of innovation. Your journey with us starts with an unparalleled opportunity - to get paid while you transform into an AI maestro. From day one, you‚Äôll plunge into intensive, hands-on AI training entirely funded by us. We‚Äôre not looking for know-it-alls; we‚Äôre searching for learn-it-alls. Curiosity, grit, and a relentless pursuit of excellence are what we value most. The tech world is cluttered with buzzwords, but at Trilogy, we‚Äôre all about authentic breakthroughs. Our mission is to revolutionize the B2B software landscape with AI-driven innovations that were once considered sci-fi. Picture this: a chatbot capable of tutoring any subject at university level or an AI plugin that amplifies customer support agents into heroes. That‚Äôs where we‚Äôre heading, and we want you on board. We're looking for the game-changers. The problem solvers. The hustlers ready to immerse themselves in AI and emerge as leaders. You don‚Äôt just adapt to change; you drive it. You‚Äôre not just looking for a job; you‚Äôre seeking a mission. If the idea of becoming an AI wizard while shaping the future of tech excites you, you might just be the trailblazer we‚Äôve been searching for. What You Will Be Doing Rapidly advancing your AI expertise through specialized training and applying this knowledge to create autonomous, AI-driven platforms and tools Experimenting with state-of-the-art AI tools like GPT-4 Vision, Google Gemini, and Amazon CodeWhisperer, integrating them into our developmental process to enhance their utility Evaluating and optimizing AI solutions across various infrastructures, such as AWS What You Won‚Äôt Be Doing Traditional coding - our AI does the heavy lifting, freeing you to innovate and strategize Being stuck on repetitive tasks - no two problems are the same Junior Software Engineer Key Responsibilities Architecting and deploying sophisticated, fully-automated AI systems that require no human intervention for a truly scalable impact Basic Requirements A passion for and basic understanding of generative AI, Large Language Models, Prompt Engineering, and the wider AI ecosystem Professional experience using AI to realize quantifiable business value Proficiency in Python About Trilogy Hundreds of software businesses run on the Trilogy Business Platform. For three decades, Trilogy has been known for 3 things: Relentlessly seeking top talent, Innovating new technology, and incubating new businesses. Our technological innovation is spearheaded by a passion for simple customer-facing designs. Our incubation of new businesses ranges from entirely new moon-shot ideas to rearchitecting existing projects for today's modern cloud-based stack. Trilogy is a place where you can be surrounded with great people, be proud of doing great work, and grow your career by leaps and bounds. There is so much to cover for this exciting role, and space here is limited. Hit the Apply button if you found this interesting and want to learn more. We look forward to meeting you! Working with Crossover This is a full-time (40 hours per week), long-term position. The position is immediately available and requires entering into an independent contractor agreement with Crossover. The compensation level for this role is $30 USD/hour, which equates to $60,000 USD/year assuming 40 hours per week and 50 weeks per year. The payment period is weekly. Consult www.crossover.com/help-and-faqs for more details on this topic. What to expect next: You will receive an email with a link to start your self-paced, online job application. Our hiring platform will guide you through a series of online ‚Äúscreening‚Äù assessments to check for basic job fit, job-related skills, and finally a few real-world job-specific assignments. Important! If you do not receive an email from us: First, emails may take up to 15 minutes to send, refresh and check again. Second, check your spam and junk folders for an email from Crossover.com, mark as ‚ÄúNot Spam‚Äù since you will receive other emails as well. Third, we will send to whatever email account you indicated on the Apply form - by default, that is the email address you use as your LinkedIn username and it might be different than the one you have already checked. If all else fails, just reset your password by visiting https://www.crossover.com/auth/password-recovery if you already applied using LinkedIn EasyApply. Crossover Job Code: LJ-5245-SG-Singapor-JuniorSoftware Show more Show less Seniority level Associate Employment type Full-time Job function Education, Engineering, and Information Technology Industries Software Development, IT Services and IT Consulting, and Technology, Information and Internet Referrals increase your chances of interviewing at Crossover  by 2x See who you know",Crossover ,"Junior Software Engineer, Trilogy (Remote) - $60,000/year USD",Associate,"Singapore, Singapore",1 day ago,53.0,2024-04-26,2024-04-25
16,3908147639,https://www.linkedin.com/jobs/collections/recommended/?currentJobId=3908147639,,,,,,,,2024-04-26,
17,3888556806,https://www.linkedin.com/jobs/collections/recommended/?currentJobId=3888556806,"Intern, Data Engineer Grab Singapore, Singapore 2 weeks ago Over 200 applicants See who Grab has hired for this role Apply Join or sign in to find your next job Join to apply for the Intern, Data Engineer role at Grab Not you? Remove photo First name Last name Email Password (6+ characters) ,  ,  .   Already on LinkedIn? . .  Sign in to save Intern, Data Engineer at Grab . Email or phone Password Show Forgot password? Sign in Report this job Job Description Life at Grab At Grab, every Grabber is guided by The Grab Way, which spells out our mission, how we believe we can achieve it, and our operating principles - the 4Hs: Heart, Hunger, Honour and Humility. These principles guide and help us make decisions as we work to create economic empowerment for the people of Southeast Asia. Get to know the Team The People Data Warehouse (PDW) team provides the data foundations used for real-world problem solving in pursuit of a high performing people culture at Grab. The work you do in the PDW team will have an amplifying impact on Grab as it improves thousands of Grabbers who work together to unlock the potential of Grab to drive hundreds of millions to economic empowerment and prosperity. To build this data foundation, we extract and integrate a large variety of data sources and provide a secure, scalable, reliable and efficient platform for processing this data for insights. In spite of being a small team we manage the full life cycle of this data platform which includes requirement gathering and negotiations with data source providers, writing pipelines that ingest the data from source APIs, loading the data into a data warehouse followed by transforming that data. In addition, We also support integrations from various tools that are used by our downstream users who use PDW data for use cases such as business intelligence, analytics and machine learning. Finally, we also manage all of the operations including the infrastructure layer. Currently we maintain our data platform in Azure and as part of a consolidation effort, we are looking to migrate to AWS. Get to know the Role Are you passionate about data and looking for an opportunity to contribute to a high-impact project? We are seeking an Intern to join our team and be a part of an exciting endeavor to migrate a data platform built in Azure to AWS. This internship offers the opportunity to gain in depth practical experience in key data platform technologies in the two most popular cloud environments. The Day-to-Day Activities Write Python/Javascript & SQL code either as components in the ETL framework or as supporting scripts. Collaborate with the project team to understand the existing data warehouse built in Azure Synapse. Assist in designing a migration plan and roadmap for moving the data warehouse to AWS Redshift. Perform data extraction, transformation, and loading (ETL) activities as part of the migration process. Ensure data integrity and quality throughout the migration process. Work closely with the team to troubleshoot any issues and propose effective solutions. Coordinate with stakeholders to understand their requirements and translate them into data migration tasks. Support the team in documenting the migration process, including migration steps, dependencies, and data mappings. Learning Objectives Skills This is an extremely unique opportunity for an aspiring data engineer! Apply now to build your skills across two data & cloud platforms in one shot! As part of the internship you‚Äôll expand your knowledge in following areas: Various components of a modern data platform Data Warehousing with Azure Synapse Data warehousing with AWS Redshift Azure Data Factory & Airflow Data quality Activities required to govern and operate a data platform CI/CD and DevOps practices Azure AWS Implementing Layered and Microkernel architectures. Web applications and APIs Automating periodic activities using scheduled tasks Implementing workflows using web applications The Must-Haves Undergraduate in Software Engineering, Computer Science. We are also happy to hire students from other quantitative fields who are passionate about programming & and have built some cool software applications in the past. Proficiency in Python or Javascript. Familiarity with AWS or Azure Proficiency in SQL. (Go through this tutorial : https://mode.com/sql-tutorial/introduction-to-sql/ if you need to pick this up before interview, once you are familiar with concepts in Advanced Skill tutorial you are good) Some Familiarity with Terraform could be awesome! (if you don‚Äôt have this skill, spend a couple of hours to get some basic understanding before the interview) Our Commitment We are committed to building diverse teams and creating an inclusive workplace that enables all Grabbers to perform at their best, regardless of nationality, ethnicity, religion, age, gender identity or sexual orientation and other attributes that make each Grabber unique. Show more Show less Seniority level Internship Employment type Full-time Job function Engineering Industries Technology, Information and Internet Referrals increase your chances of interviewing at Grab by 2x See who you know",Grab,"Intern, Data Engineer",Internship,"Singapore, Singapore",2 weeks ago,,2024-04-26,2024-04-12
18,3900542312,https://www.linkedin.com/jobs/collections/recommended/?currentJobId=3900542312,"Frontend Developer Ploy Singapore, Singapore 1 week ago 143 applicants See who Ploy has hired for this role Apply Join or sign in to find your next job Join to apply for the Frontend Developer role at Ploy Not you? Remove photo First name Last name Email Password (6+ characters) ,  ,  .   Already on LinkedIn? . .  Sign in to save Frontend Developer at Ploy . Email or phone Password Show Forgot password? Sign in Report this job Frontend Developer What's on offer Contract Role - with a view of extension Industry : IT Consultant Location : Singapore Requirements 5-9 years of experience in frontend web development using React and related technologies Strong UI/UX design skills and experience with design tools (e.g. Sketch, Adobe XD, Figma) Experience with wireframing, stakeholder management, and demo preparation Familiarity with version control using Git Excellent problem-solving skills and ability to work in a team environment Good communication skills and ability to explain technical concepts to non-technical stakeholders Show more Show less Seniority level Mid-Senior level Employment type Full-time Job function Information Technology Industries IT Services and IT Consulting Referrals increase your chances of interviewing at Ploy by 2x See who you know",Ploy,Frontend Developer,Mid-Senior level,"Singapore, Singapore",1 week ago,143.0,2024-04-26,2024-04-19
19,3837545649,https://www.linkedin.com/jobs/collections/recommended/?currentJobId=3837545649,,,,,,,,2024-04-26,
20,3873072695,https://www.linkedin.com/jobs/collections/recommended/?currentJobId=3873072695,"Software Engineer Intern - Ads (Summer 2024) Shopee Singapore, Singapore 4 weeks ago Over 200 applicants See who Shopee has hired for this role Apply Join or sign in to find your next job Join to apply for the Software Engineer Intern - Ads (Summer 2024) role at Shopee Not you? Remove photo First name Last name Email Password (6+ characters) ,  ,  .   Already on LinkedIn? . .  Sign in to save Software Engineer Intern - Ads (Summer 2024) at Shopee . Email or phone Password Show Forgot password? Sign in Report this job About The Team Shopee Paid ads team was established in 2016 to provide an e-commerce advertising platform by relying on Shopee‚Äôs massive data. Our expertise covers data, high performance AI-based online services, distributed systems, machine learning algorithms, and ads business strategies. The team places a strong emphasis on technology and strives to achieve innovation. Job Description Develop the marketplace backend system of Shopee Ads to support ads products such as search, recommendation and display ads Design, build and manage ads systems with high performance, scalability and availability, enhancing Shopee‚Äôs infrastructure Optimise the platform services efficiency and stability to cater to the rapid growth of business Requirements Current student studying Computer Science, Computer Engineering or other relevant majors who are expected to graduate in 2025 Good data structure and algorithm knowledge and system design skills Familiar with Linux based development and commonly used tech components Strong critical thinking skills and able to formulate solutions for problems in a clear and logical manner Passionate about technical challenges, self-motivated and able to deliver project requirements timely Good communication skills and an effective team player with a strong sense of ownership Show more Show less Seniority level Internship Employment type Full-time Job function Engineering and Information Technology Industries Technology, Information and Internet Referrals increase your chances of interviewing at Shopee by 2x See who you know",Shopee,Software Engineer Intern - Ads (Summer 2024),Internship,"Singapore, Singapore",4 weeks ago,,2024-04-26,2024-03-29
21,3837551068,https://www.linkedin.com/jobs/collections/recommended/?currentJobId=3837551068,"Data Engineer - Fresh Grad HoYoverse Singapore 1 month ago Over 200 applicants See who HoYoverse has hired for this role Apply Join or sign in to find your next job Join to apply for the Data Engineer - Fresh Grad role at HoYoverse Not you? Remove photo First name Last name Email Password (6+ characters) ,  ,  .   Already on LinkedIn? . .  Sign in to save Data Engineer - Fresh Grad at HoYoverse . Email or phone Password Show Forgot password? Sign in Report this job Who Are We? At HoYoverse, we are committed to creating immersive virtual world experiences for players around the world. In addition to game products such as Genshin Impact, Honkai Impact 3rd, Tears of Themis, and Honkai: Star Rail, HoYoverse also launched the dynamic desktop software N0va Desktop, the community product HoYoLAB, and created a variety of products such as animations, comics, music, novels, and merchandise around our original creative concept. Adhering to our mission of Tech Otakus Save the World, we have always been committed to technology research and development, exploring cutting-edge technologies, and have accumulated leading technical capabilities in cartoon rendering, artificial intelligence, cloud gaming technology, and other fields. HoYoverse is actively engaged in globalization, with offices in Singapore, Montreal, Los Angeles, Tokyo, Seoul, and other areas. When you apply to a position with HoYoverse, we will process your personal data. To learn more about how we process your data, we encourage you to review our comprehensive Global Applicant and Candidate Privacy Policy. This policy provides detailed insights into how your information is collected, used, and protected throughout the application process. What You Will Do: Participate in the construction and optimization of the company's big data infrastructure & big data platform. Provide a one-stop data solution integrating data access, data processing, data visualization, and data application. What We Are Looking For: Bachelor's degree (or above) in Computer Science or related fields. Solid basic computer knowledge, good data structure knowledge and algorithm foundation. Proficiency in Java/Scala programming language, Shell and Python scripting languages as well as using SQL, with good programming habits and literacy. Familiarity with relevant components of the big data ecosystem (such as Hadoop/Hive/Spark/Kafka/Flink/Clickhouse, etc.) is preferred. Broad technical vision, strong thirst for knowledge, willing to learn and try new technologies and tools. Passionate gamer or having a passion for the gaming industry will be highly preferred. We are an equal opportunity employer that believes diverse backgrounds are key to bringing our concepts to life. If you're looking to play a key role in creating the best immersive virtual world experience for our users, we invite you to join our team. Show more Show less Seniority level Entry level Employment type Full-time Job function Information Technology Industries Computer Games and Internet Publishing Referrals increase your chances of interviewing at HoYoverse by 2x See who you know",HoYoverse,Data Engineer - Fresh Grad,Entry level,Singapore,1 month ago,,2024-04-26,2024-03-27
22,3909114368,https://www.linkedin.com/jobs/collections/recommended/?currentJobId=3909114368,"Software Engineer TECEZE Singapore, Singapore 21 hours ago 56 applicants See who TECEZE has hired for this role Apply Save Save job Save this job with your existing LinkedIn profile, or create a new one. .  Sign in to save Software Engineer at TECEZE . Email or phone Password Show Forgot password? Sign in Report this job Requirement ‚Ä¢ 2 to 4 years of working experience in developing and delivering Pega application software. ‚Ä¢ Possess relevant system development / maintenance experience using Pega related technologies ‚Ä¢ Familiar in Pega technology specification and standards. ‚Ä¢ Must possess Pega v7.x or above technical certification, minimally a Pega Certified System Architect (PCSA). ‚Ä¢ Good command of Web technologies such as Javascript, XML, CSS, ANT scripts is an advantage. ‚Ä¢ Possess initiative and disposition with a strong commitment and orientation towards results and high quality standards ‚Ä¢ Strong problem-solving skills and ability to think out of the box ‚Ä¢ Team player with strong communication and interpersonal skills ‚Ä¢ Self-motivator with a positive attitude and with high energy ‚Ä¢ Customer focused ‚Ä¢ Proficient in written and spoken English ‚Ä¢ Diploma / Degree in Computer Science / Computer Engineering / Information Technology related field, or IT equivalent ‚Ä¢ Able to travel as required Show more Show less Seniority level Entry level Employment type Full-time Job function Engineering and Information Technology Industries Computer and Network Security Referrals increase your chances of interviewing at TECEZE by 2x See who you know",TECEZE,Software Engineer,Entry level,"Singapore, Singapore",,56.0,2024-04-26,
23,3850931016,https://www.linkedin.com/jobs/collections/recommended/?currentJobId=3850931016,,,,,,,,2024-04-26,
24,3877218886,https://www.linkedin.com/jobs/collections/recommended/?currentJobId=3877218886,"Intern - Software Development Engineer Micron Technology Singapore, Singapore 3 weeks ago 162 applicants See who Micron Technology has hired for this role Apply Join or sign in to find your next job Join to apply for the Intern - Software Development Engineer role at Micron Technology Not you? Remove photo First name Last name Email Password (6+ characters) ,  ,  .   Already on LinkedIn? . .  Sign in to save Intern - Software Development Engineer at Micron Technology . Email or phone Password Show Forgot password? Sign in Report this job Our vision is to transform how the world uses information to enrich life for all. Join an inclusive team passionate about one thing: using their expertise in the relentless pursuit of innovation for customers and partners. The solutions we build help make everything from virtual reality experiences to breakthroughs in neural networks possible. We do it all while committing to integrity, sustainability, and giving back to our communities. Because doing so can fuel the very innovation we are pursuing. JR51918 Intern - Software Development Engineer As a Software Development Engineer Intern at Micron you will work in a diverse software agile development team collaborating with teams across globe to deliver innovative solutions to achieve our business objectives. We believe in People, Innovation, Tenacity, Collaboration, and Customer Focus. Join us if you are likely minded, having fun and grow together! Responsibilities Build IT solutions to address business problems or create new business opportunities. Engage in user requirements collection, discussion and analysis Participate application lifecycle management (plan, development, test, deploy & maintain) for software systems in a highly automated semiconductor manufacturing environment Apply software development standard methodologies to write clear and quality code, involve in code review, software quality assurance testing, continuous integration and delivery Plan and coordinate worldwide software releases, provide user and operational training, and support user acceptance testing (UAT) to ensure a good & smooth software release to production Enable system performance monitoring to identify abnormalities proactively and develop capabilities to prevent unexpected system failures Perform scheduled applications software and hardware maintenance to ensure high uptime Provide continuous software operational support such as system recovery, bug fixes, and feature enhancements Qualifications & Skills Currently pursuing Computer Science/Computer Engineering/Engineering or any other relevant fields Passionate about software development, problem-solving and technical challenges Knowledge on C#, Angular JS, Kubernetes, OpenShift, Azure, GCP, Snowflake or GenAI will be an added advantage. Great teammate with a solid sense of ownership Good communication skills in English, both written and spoken About Micron Technology, Inc. We are an industry leader in innovative memory and storage solutions transforming how the world uses information to enrich life for all . With a relentless focus on our customers, technology leadership, and manufacturing and operational excellence, Micron delivers a rich portfolio of high-performance DRAM, NAND, and NOR memory and storage products through our Micron¬Æ and Crucial¬Æ brands. Every day, the innovations that our people create fuel the data economy, enabling advances in artificial intelligence and 5G applications that unleash opportunities ‚Äî from the data center to the intelligent edge and across the client and mobile user experience. To learn more, please visit micron.com/careers All qualified applicants will receive consideration for employment without regard to race, color, religion, sex, sexual orientation, gender identity, national origin, veteran or disability status. To request assistance with the application process and/or for reasonable accommodations, please contact hrsupport_sg@micron.com Micron Prohibits the use of child labor and complies with all applicable laws, rules, regulations, and other international and industry labor standards. Micron does not charge candidates any recruitment fees or unlawfully collect any other payment from candidates as consideration for their employment with Micron. Show more Show less Seniority level Internship Employment type Full-time Job function Other Industries Computer Hardware Manufacturing, Appliances, Electrical, and Electronics Manufacturing, and Semiconductor Manufacturing Referrals increase your chances of interviewing at Micron Technology by 2x See who you know",Micron Technology,Intern - Software Development Engineer,Internship,"Singapore, Singapore",3 weeks ago,162.0,2024-04-26,2024-04-05
